"id","title","status","type","year","semester","link","pid","image","departmentlink","department"
"iahperson_00000086","Diane Leonard","A","faculty fellow",1990,"Summer 1989","http://englishcomplit.unc.edu/people/leonardd",,"open-iconic/png/person-8x.png",,"English & Comparative Literature"
"iahperson_00000123","Geoffrey Sayre-McCord","A","faculty fellow",1990,"Spring 1990","http://philosophy.unc.edu/people/geoffrey-sayre-mccord/",,"http://philosophy.unc.edu/files/2013/10/Sayre-McCord.jpeg",,"Philosophy"
"iahperson_00000121","Gary W. Marks","A","faculty fellow",1990,"Fall 1989","http://politicalscience.unc.edu/staff/gary-marks/",,"http://politicalscience.unc.edu/files/2015/05/marks-e1433964727335.png",,"Political Science"
"iahperson_00000351","Rosa Perelmuter","A","faculty fellow",1990,"Spring 1990","http://romancestudies.unc.edu/faculty/rosa-perelmuter/",,"http://romancestudies.unc.edu/files/2015/06/Rosa-wpcf_300x300.jpg",,"Romance Studies"
"iahperson_00000320","Patrick P. O'Neill","A","faculty fellow",1991,"Fall 1990","http://englishcomplit.unc.edu/people/oneillp",,"http://englishcomplit.unc.edu/sites/default/files/pon2.JPG",,"English & Comparative Literature"
"iahperson_00000277","Mary Pardo","A","faculty fellow",1992,"Summer 1991","http://art.unc.edu/art-history/faculty/mary-pardo/",,"open-iconic/png/person-8x.png",,"Art"
"iahperson_00000313","Pamela Conover","A","faculty fellow",1992,"Fall 1991","http://politicalscience.unc.edu/staff/pamela-conover/",,"http://politicalscience.unc.edu/files/2015/05/conover.jpg",,"Political Science"
"iahperson_00000029","Bart Ehrman","A","faculty fellow",1992,"Spring 1992","http://religion.unc.edu/_people/full-time-faculty/ehrman/",,"http://religion.sites.unc.edu/files/2014/08/Ehrman.jpg",,"Religious Studies"
"iahperson_00000152","James W. Coleman","A","faculty fellow",1993,"Fall 1992","http://englishcomplit.unc.edu/people/colemanj",,"open-iconic/png/person-8x.png",,"English & Comparative Literature"
"iahperson_00000163","Jeanne Moskal","A","faculty fellow",1993,"Fall 1992","http://englishcomplit.unc.edu/people/moskalj",,"http://englishcomplit.unc.edu/sites/default/files/Mosgal.png",,"English & Comparative Literature"
"iahperson_00000185","John C. Chasteen","A","faculty fellow",1993,"Spring 1993","http://history.unc.edu/people/faculty/john-charles-chasteen/",,"http://history.unc.edu/files/2012/03/photo_small-81.jpeg",,"History"
"iahperson_00000190","John Nadas","A","faculty fellow",1993,"Spring 1993","http://music.unc.edu/people/musicfaculty/john-l-nadas/",,"http://music.unc.edu/files/2014/12/IMG_2033-768x512.jpg",,"Music"
"iahperson_00000008","Alicia Rivero","A","faculty fellow",1993,"Spring 1993","http://romancestudies.unc.edu/faculty/alicia-rivero/",,"http://romancestudies.unc.edu/files/2015/06/Rivero-Alicia-wpcf_300x300.jpg",,"Romance Studies"
"iahperson_00000193","John V. Orth","A","faculty fellow",1993,"Fall 1992","http://www.law.unc.edu/faculty/directory/orthjohnv/",,"http://static.law.unc.edu/images/image.ashx?personnelid=44&typeid=9",,"Law School"
"iahperson_00000223","Kenneth Janken","A","faculty fellow",1994,"Spring 1994","http://aaad.unc.edu/faculty-staff/kenneth-janken/",,"http://aaad.unc.edu/files/2014/02/janken_kenneth_15_016-smallest.jpg",,"Department of African, African American, and Diaspora Studies"
"iahperson_00000002","Adam Versenyi","A","faculty fellow",1994,"Fall 1993","http://drama.unc.edu/adam-versenyi/",,"http://drama.unc.edu/files/2013/11/adamversenyi.jpg",,"Dramatic Art"
"iahperson_00000184","John C. Boger","A","faculty fellow",1994,"Fall 1993","http://www.law.unc.edu/faculty/directory/bogerjohncharles/",,"http://static.law.unc.edu/images/image.ashx?personnelid=6&typeid=9",,"Law School"
"iahperson_00000205","Judith Wegner","A","faculty fellow",1994,"Spring 1994","http://www.law.unc.edu/faculty/directory/wegnerjudithwelch/",,,,"Law School"
"iahperson_00000456","Judith Wenger","A","faculty fellow",1994,"Spring 1994","http://www.law.unc.edu/faculty/directory/wegnerjudithwelch/",,"http://static.law.unc.edu/images/image.ashx?personnelid=53&typeid=9",,"Law School"
"iahperson_00000067","Craig Turner","A","faculty fellow",1995,"Summer 1994","http://drama.unc.edu/craig-turner/",,"http://drama.unc.edu/files/2013/11/craigturner.jpg",,"Dramatic Art"
"iahperson_00000343","Ritchie D. Kendall","A","faculty fellow",1995,"Fall 1994","http://englishcomplit.unc.edu/people/kendallr",,"http://englishcomplit.unc.edu/sites/default/files/kendallr.jpg",,"English & Comparative Literature"
"iahperson_00000189","John McGowan","A","faculty fellow",1995,"Fall 1994","http://englishcomplit.unc.edu/people/mcgowanj",,"http://englishcomplit.unc.edu/sites/default/files/mcgowanj2.jpg",,"English & Comparative Literature"
"iahperson_00000324","Peter Coclanis","A","faculty fellow",1995,"Summer 1994","http://history.unc.edu/people/faculty/peter-coclanis/",,"http://history.unc.edu/files/2012/03/coclanis-e1333656425186.jpg",,"History"
"iahperson_00000373","Simon Blackburn","A","faculty fellow",1995,"Fall 1994","http://philosophy.unc.edu/people/simon-blackburn/",,"http://philosophy.unc.edu/files/2013/10/Simon-Blackburn.jpeg",,"Philosophy"
"iahperson_00000093","Donald Searing","A","faculty fellow",1995,"Spring 1995","http://politicalscience.unc.edu/staff/donald-searing/",,"http://politicalscience.unc.edu/files/2015/05/searing.jpg",,"Political Science"
"iahperson_00000034","Beverly Taylor","A","faculty fellow","1995; 2017","Spring 1995; Spring 2017","http://englishcomplit.unc.edu/people/taylorb",704269284,"http://englishcomplit.unc.edu/sites/default/files/taylorb.jpg","http://englishcomplit.unc.edu/","English & Comparative Literature"
"iahperson_00000194","Jonathan Hartlyn","A","faculty fellow",1997,"Fall 1996","http://college.unc.edu/administrationcontacts/jonathan-hartlyn-senior-associate-dean-for-social-sciences-and-global-programs/",,"http://college.unc.edu/files/2012/01/Hartlyn_Jonathan-4-final-600x900.jpg",,"College of Arts and Sciences"
"iahperson_00000238","Lawrence Grossberg","A","faculty fellow",1997,"Fall 1996","http://comm.unc.edu/faculty-and-staff/faculty/lawrence-grossberg/",,"http://comm.unc.edu/files/2011/11/grossberg.jpeg",,"Communication"
"iahperson_00000146","James Leloudis","A","faculty fellow",1997,"Spring 1997","http://history.unc.edu/people/faculty/james-l-leloudis/",,"http://history.unc.edu/files/2012/06/p_biopic_leloudis.jpg",,"History"
"iahperson_00000254","Lynda Stone","A","faculty fellow",1997,"Fall 1996","http://soe.unc.edu/fac_research/faculty/stone.php",,"http://soe.unc.edu/fac_research/faculty/img_fac/stone.jpg",,"School of Education"
"iahperson_00000314","Pamela Cooper","A","faculty fellow",1998,"Fall 1997","http://englishcomplit.unc.edu/people/cooperp",,"http://englishcomplit.unc.edu/sites/default/files/cooperp.jpg",,"English & Comparative Literature"
"iahperson_00000200","Joy Kasson","A","faculty fellow",1998,"Spring 1998","http://englishcomplit.unc.edu/people/kassonj",,"http://englishcomplit.unc.edu/sites/default/files/kassonj1.jpg",,"English & Comparative Literature"
"iahperson_00000399","Theodore Leinbaugh","A","faculty fellow",1998,"Fall 1997","http://englishcomplit.unc.edu/people/leinbaught",,"open-iconic/png/person-8x.png",,"English & Comparative Literature"
"iahperson_00000083","Della Pollock","A","faculty fellow",1999,"Fall 1998","http://comm.unc.edu/faculty-and-staff/faculty/della-pollock/",,"http://comm.unc.edu/files/2011/11/pollock.jpeg",,"Communication"
"iahperson_00000405","Thomas Reinert","A","faculty fellow",1999,"Fall 1998","http://englishcomplit.unc.edu/people/reinertt",,"open-iconic/png/person-8x.png",,"English & Comparative Literature"
"iahperson_00000395","Terry McIntosh","A","faculty fellow",1999,"Fall 1998","http://history.unc.edu/people/faculty/terence-v-mcintosh/",,"open-iconic/png/person-8x.png",,"History"
"iahperson_00000270","Mark McCombs","A","faculty fellow",1999,"Spring 1999","http://math.unc.edu/people/faculty/mark-mccombs",,"http://math.unc.edu/people/images/copy_of_faculty/markmccombs.jpg/image_mini",,"Math"
"iahperson_00000268","Mark Evan Bonds","A","faculty fellow",1999,"Spring 1999","http://music.unc.edu/people/musicfaculty/mark-evan-bonds/",,"http://music.unc.edu/files/2014/12/Bonds-Web1.jpg",,"Music"
"iahperson_00000416","Valerie Ann (Johnson) Kaalund","A","faculty fellow",1999,"Fall 1998","http://www.law.unc.edu/faculty/directory/johnsonvaleriea/",,"http://static.law.unc.edu/images/image.ashx?personnelid=985&typeid=9",,"Law School"
"iahperson_00000013","Altha Cravey","A","faculty fellow",2000,"Spring 2000","http://craveya.web.unc.edu/",,"http://geography.unc.edu/files/2014/06/cravey.jpg",,"Geography"
"iahperson_00000249","Louis Perez","A","faculty fellow",2000,"Spring 2000","http://history.unc.edu/people/faculty/louis-a-perez-jr/",,"http://history.unc.edu/files/2012/03/photo_small-314.jpeg",,"History"
"iahperson_00000080","Debashis Aikat","A","faculty fellow",2000,"Spring 2000","http://mj.unc.edu/directory/faculty/debashis-aikat",,"open-iconic/png/person-8x.png",,"School of Media and Journalism"
"iahperson_00000419","Vincas Steponaitis","A","faculty fellow",2000,"Spring 2000","http://rla.unc.edu/personal/vps/",,"http://rla.unc.edu/personal/vps/vps160.jpg",,"Anthropology"
"iahperson_00000089","Donald Haggis","A","faculty fellow",2001,"Spring 2001","http://classics.unc.edu/people/faculty-2/donald-c-haggis/",,"https://classics.unc.edu/files/2013/07/Haggis-mug.jpg",,"Classics"
"iahperson_00000335","Reid Barbour","A","faculty fellow",2001,"Fall 2000","http://englishcomplit.unc.edu/people/barbourr",,"http://englishcomplit.unc.edu/sites/default/files/barbourr2.jpg",,"English & Comparative Literature"
"iahperson_00000199","Joseph S. Viscomi","A","faculty fellow",2001,"Spring 2001","http://englishcomplit.unc.edu/people/viscomij",,"http://englishcomplit.unc.edu/sites/default/files/viscomij.jpg",,"English & Comparative Literature"
"iahperson_00000363","Sarah Shields","A","faculty fellow",2001,"Spring 2001","http://history.unc.edu/people/faculty/sarah-d-shields/",,"http://history.unc.edu/files/2012/03/photo_small-45.jpeg",,"History"
"iahperson_00000055","Charles Kurzman","A","faculty fellow",2001,"Spring 2001","http://kurzman.unc.edu/",,"http://kurzman.unc.edu/files/2011/06/Kurzman_2007-300x199.jpg",,"Sociology"
"iahperson_00000127","Gerald Postema","A","faculty fellow",2001,"Fall 2000","http://www.law.unc.edu/faculty/directory/postemageraldj/",,"http://static.law.unc.edu/images/image.ashx?personnelid=45&typeid=9",,"Law School"
"iahperson_00000041","Carl W. Ernst","A","faculty fellow",2001,"Spring 2001","http://www.unc.edu/~cernst/",,"http://www.unc.edu/~cernst/ernst_carl_web_0.jpg",,"Religious Studies"
"iahperson_00000278","Mary Sheriff","A","faculty fellow",2002,"Spring 2002","http://art.unc.edu/art-history/faculty/mary-sheriff/",,"open-iconic/png/person-8x.png",,"Art"
"iahperson_00000175","Jim Hirschfield","A","faculty fellow",2002,"Fall 2001","http://art.unc.edu/studio-art/faculty/jim-hirschfield/",,"open-iconic/png/person-8x.png",,"Art"
"iahperson_00000273","Marsha Collins","A","faculty fellow",2002,"Fall 2001","http://englishcomplit.unc.edu/people/collinsm",,"open-iconic/png/person-8x.png",,"English & Comparative Literature"
"iahperson_00000411","Todd Taylor","A","faculty fellow",2002,"Spring 2002","http://englishcomplit.unc.edu/people/todd-taylor",,"http://englishcomplit.unc.edu/sites/default/files/TTaylorSoccer150.jpg",,"English & Comparative Literature"
"iahperson_00000036","Brent Wissick","A","faculty fellow",2002,"Fall 2001","http://music.unc.edu/people/musicfaculty/brent-wissick/",,"http://music.unc.edu/files/2014/09/Wissick-Web.jpg",,"Music"
"iahperson_00000396","Terry Rhodes","A","faculty fellow",2002,"Fall 2001","http://music.unc.edu/people/musicfaculty/terry-rhodes/",,"http://music.unc.edu/files/2014/12/IMG_8744edit_1-768x512.jpg",,"Music"
"iahperson_00000348","Roberta (Bobbi) Owen","A","faculty fellow",2002,"Fall 2001","http://www.unc.edu/~owenbob/",,"http://www.unc.edu/~owenbob/scrylage/Bobbi_Owen.jpg",,"Dramatic Art"
"iahperson_00000318","Patricia Sawin","A","faculty fellow",2003,"Fall 2002","http://americanstudies.unc.edu/patricia-sawin/",,"http://americanstudies.unc.edu/files/2012/09/sawin.jpeg",,"American Studies"
"iahperson_00000326","Peter Redfield","A","faculty fellow",2003,"Spring 2003","http://anthropology.unc.edu/person/peter-redfield/",,"http://anthropology.unc.edu/files/2013/10/redfield-145x150.jpeg",,"Anthropology"
"iahperson_00000100","Elin O'hara Slavick","A","faculty fellow",2003,"Fall 2002","http://art.unc.edu/studio-art/faculty/elin-ohara-slavick/",,"open-iconic/png/person-8x.png",,"Art"
"iahperson_00000120","Gang Yue","A","faculty fellow",2003,"Fall 2002","http://asianstudies.unc.edu/faculty/dr-gang-yue/",,"http://asianstudies.unc.edu/files/2014/12/people.yue_.photo_.jpg",,"Asian Studies"
"iahperson_00000317","Patricia Parker","A","faculty fellow",2003,"Fall 2002","http://comm.unc.edu/faculty-and-staff/faculty/patricia-parker/",,"http://comm.unc.edu/files/2011/10/Parker_Pat-2015-200x300.jpg",,"Communication"
"iahperson_00000174","Jessica Wolfe","A","faculty fellow",2003,"Spring 2003","http://englishcomplit.unc.edu/people/wolfej",,"open-iconic/png/person-8x.png",,"English & Comparative Literature"
"iahperson_00000428","William Barney","A","faculty fellow",2003,"Spring 2003","http://history.unc.edu/people/faculty/william-l-barney/",,"http://history.unc.edu/files/2012/03/photo_small-210.jpeg",,"History"
"iahperson_00000388","Susan Klebanow","A","faculty fellow",2003,"Spring 2003","http://music.unc.edu/people/musicfaculty/susan-klebanow/",,"http://music.unc.edu/files/2014/09/Klebanow-Web.jpg",,"Music"
"iahperson_00000380","Stephen Leonard","A","faculty fellow",2003,"Fall 2002","http://politicalscience.unc.edu/staff/stephen-leonard/",,"http://politicalscience.unc.edu/files/2015/05/leonard.jpg",,"Political Science"
"iahperson_00000365","Scott Warner","A","faculty fellow",2003,"Fall 2002",,,,,
"iahperson_00000212","Karla Slocum ","A","faculty fellow",2004,"Fall 2003","http://anthropology.unc.edu/person/karla-slocum/",,"http://anthropology.unc.edu/files/2013/11/Slocum-Photo-150x150.jpg",,"Anthropology"
"iahperson_00000376","Stella (Beth) Grabowski","A","faculty fellow",2004,"Fall 2003","http://art.unc.edu/studio-art/faculty/beth-grabowski/",,"open-iconic/png/person-8x.png",,"Art"
"iahperson_00000415","Tyler Curtain ","A","faculty fellow",2004,"Spring 2004","http://englishcomplit.unc.edu/people/curtaint",,"http://englishcomplit.unc.edu/sites/default/files/curtaint.jpg",,"English & Comparative Literature"
"iahperson_00000455","Donald Raleigh ","A","faculty fellow",2004,"Spring 2004","http://history.unc.edu/people/faculty/donald-j-raleigh/",,"http://history.unc.edu/files/2012/06/Don-in-China-225x300.jpg",,"History"
"iahperson_00000215","Kathryn Burns ","A","faculty fellow",2004,"Fall 2003","http://history.unc.edu/people/faculty/kathryn-j-burns/",,"https://history.unc.edu/files/2012/06/Burns-Crop.jpg",,"History"
"iahperson_00000021","Annegret Fauser","A","faculty fellow",2004,"Spring 2004","http://music.unc.edu/people/musicfaculty/annegret-fauser/",,"http://music.unc.edu/files/2014/12/fauser2.jpg",,"Music"
"iahperson_00000386","Susan Bickford ","A","faculty fellow",2004,"Spring 2004","http://politicalscience.unc.edu/staff/susan-bickford/",,"http://politicalscience.unc.edu/files/2015/05/bickford.jpg",,"Political Science"
"iahperson_00000332","Randall Styers ","A","faculty fellow",2004,"Spring 2004","http://religion.unc.edu/_people/full-time-faculty/styers/",,"http://religion.sites.unc.edu/files/2013/12/Styers.jpg",,"Religious Studies"
"iahperson_00000225","Kevin Stewart ","A","faculty fellow",2004,"Fall 2003","http://www.geosci.unc.edu/page/kevin-g-stewart",,"http://www.geosci.unc.edu/files/images/stewart.jpg",,"Geological Sciences"
"iahperson_00000291","Michael Lambert ","A","faculty fellow",2004,"Spring 2004","https://afriafam.unc.edu/people/michael-lambert",,"https://afriafam.unc.edu/people/michael_lambert.jpg/image_preview",,"African, African American, and Diaspora Studies"
"iahperson_00000371","Silvia Tomaskova","A","faculty fellow",2005,"Fall 2004","http://anthropology.unc.edu/person/silvia-tomaskova/",,"http://anthropology.unc.edu/files/2013/11/tomas-145x150.jpeg",,"Anthropology"
"iahperson_00000417","Valerie Lambert","A","faculty fellow",2005,"Spring 2005","http://anthropology.unc.edu/person/valerie-lambert/",,"http://anthropology.unc.edu/files/2013/11/Lambert-150x150.jpg",,"Anthropology"
"iahperson_00000454","Li-ling Hsaio","A","faculty fellow",2005,"Spring 2005","http://asianstudies.unc.edu/faculty/dr-li-ling-hsiao/",,"http://asianstudies.unc.edu/files/2014/12/people.hsiao_.photo_.jpg",,"Asian Studies"
"iahperson_00000425","Wendan Li","A","faculty fellow",2005,"Fall 2004","http://asianstudies.unc.edu/faculty/dr-wendan-li/",,"http://asianstudies.unc.edu/files/2014/12/people.li_.photo_.jpg",,"Asian Studies"
"iahperson_00000262","María DeGuzmán ","A","faculty fellow",2005,"Fall 2004","http://englishcomplit.unc.edu/people/deguzm%C3%A1nm",,"http://englishcomplit.unc.edu/sites/default/files/deguzmanm.jpg",,"English & Comparative Literature"
"iahperson_00000275","Mary Floyd-Wilson","A","faculty fellow",2005,"Fall 2004","http://englishcomplit.unc.edu/people/floydwilsonm",,"http://englishcomplit.unc.edu/sites/default/files/floyd-wilson2_0.jpg",,"English & Comparative Literature"
"iahperson_00000235","Laurie Langbauer","A","faculty fellow",2005,"Spring 2005","http://englishcomplit.unc.edu/people/langbauerl",,"open-iconic/png/person-8x.png",,"English & Comparative Literature"
"iahperson_00000281","Megan Matchinske","A","faculty fellow",2005,"Spring 2005","http://englishcomplit.unc.edu/people/matchinskem",,"http://englishcomplit.unc.edu/sites/default/files/mmatchinske.JPG",,"English & Comparative Literature"
"iahperson_00000112","Fitz Brundage","A","faculty fellow",2005,"Fall 2004","http://history.unc.edu/people/faculty/w-fitzhugh-brundage/",,"http://history.unc.edu/files/2012/03/photo_small-41.jpeg",,"History"
"iahperson_00000402","Thomas Hill","A","faculty fellow",2005,"Spring 2005","http://philosophy.unc.edu/people/thomas-e-hill/",,"http://philosophy.unc.edu/files/2013/10/thomas.png",,"Philosophy"
"iahperson_00000300","Milada Vachudova","A","faculty fellow",2005,"Spring 2005","http://politicalscience.unc.edu/staff/milada-vachudova/",,"http://politicalscience.unc.edu/files/2015/05/vachudova.jpg",,"Political Science"
"iahperson_00000436","Yaakov Ariel","A","faculty fellow",2005,"Fall 2004","http://religion.unc.edu/_people/full-time-faculty/ariel/",,"http://religion.sites.unc.edu/files/2014/08/Ariel.jpg",,"Religious Studies"
"iahperson_00000237","Laurie McNeil","A","faculty fellow",2005,"Fall 2004","http://user.physics.unc.edu/~mcneil/home.html",,"http://user.physics.unc.edu/~mcneil/covergirl.jpg",,"Physics and Astronomy"
"iahperson_00000052","Charlene Regester","A","faculty fellow",2006,"Fall 2005","http://aaad.unc.edu/faculty-staff/charlene-regester/",,"open-iconic/png/person-8x.png",,"Department of African, African American, and Diaspora Studies"
"iahperson_00000065","Cori Dauber","A","faculty fellow",2006,"Fall 2005","http://comm.unc.edu/faculty-and-staff/faculty/cori-e-dauber/",,"http://comm.unc.edu/files/2011/11/image_preview.jpeg",,"Communication"
"iahperson_00000295","Michael Waltman","A","faculty fellow",2006,"Spring 2006","http://comm.unc.edu/faculty-and-staff/faculty/michael-s-waltman/",,"http://comm.unc.edu/files/2011/11/waltman.jpeg",,"Communication"
"iahperson_00000154","Jane Danielewicz","A","faculty fellow",2006,"Spring 2006","http://englishcomplit.unc.edu/people/danielewiczj",,"http://englishcomplit.unc.edu/sites/default/files/Jane1.jpg",,"English & Comparative Literature"
"iahperson_00000016","Andrew Reynolds","A","faculty fellow",2006,"Fall 2005","http://politicalscience.unc.edu/staff/andrew-reynolds/",,"http://politicalscience.unc.edu/files/2015/05/reynolds1-300x220.jpg",,"Political Science"
"iahperson_00000056","Charles Price","A","faculty fellow","2006; 2017","Spring 2006; Fall 2017","http://anthropology.unc.edu/person/charles-price/",,"http://anthropology.unc.edu/files/2013/11/price_charles_15_032-150x150.jpg","http://anthropology2.sites.unc.edu/","Anthropology"
"iahperson_00000058","Chris Nelson","A","faculty fellow",2007,"Fall 2006","http://anthropology.unc.edu/person/christopher-t-nelson/",,"http://anthropology.unc.edu/files/2013/11/Nelson-Image-150x150.jpg",,"Anthropology"
"iahperson_00000090","Donald M. Nonini","A","faculty fellow",2007,"Spring 2007","http://anthropology.unc.edu/person/donald-m-nonini/",,"http://anthropology.unc.edu/files/2013/11/Nonini-150x150.jpg",,"Anthropology"
"iahperson_00000261","Margaret Wiener","A","faculty fellow",2007,"Spring 2007","http://anthropology.unc.edu/person/margaret-j-wiener/",,"http://anthropology.unc.edu/files/2013/11/Wiener-150x150.jpg",,"Anthropology"
"iahperson_00000267","Mark Driscoll","A","faculty fellow",2007,"Fall 2006","http://asianstudies.unc.edu/faculty/dr-mark-driscoll/",,"http://asianstudies.unc.edu/files/2014/12/people.driscoll.photo_.jpg",,"Asian Studies"
"iahperson_00000368","Sharon James","A","faculty fellow",2007,"Spring 2007","http://classics.unc.edu/people/faculty-2/sharon-l-james/",,"open-iconic/png/person-8x.png",,"Classics"
"iahperson_00000381","Steven Rosefielde","A","faculty fellow",2007,"Spring 2007","http://econ.unc.edu/directory/stevenr/",,"http://econ.unc.edu/files/2015/09/Rosefielde_Steve.jpg",,"Economics"
"iahperson_00000070","Daniel Anderson","A","faculty fellow",2007,"Spring 2007","http://englishcomplit.unc.edu/people/andersond",,"http://englishcomplit.unc.edu/sites/default/files/anderson_dan_01.jpg",,"English & Comparative Literature"
"iahperson_00000312","Pam Durban","A","faculty fellow",2007,"Fall 2006","http://englishcomplit.unc.edu/people/durbanp",,"http://englishcomplit.unc.edu/sites/default/files/DURBAN_ROSA.jpg",,"English & Comparative Literature"
"iahperson_00000035","Bland Simpson","A","faculty fellow",2007,"Fall 2006","http://englishcomplit.unc.edu/people/simpsonb",,"http://englishcomplit.unc.edu/sites/default/files/simpsonb_2.jpg",,"English & Comparative Literature"
"iahperson_00000092","Donald Reid","A","faculty fellow",2007,"Fall 2006","http://history.unc.edu/people/faculty/donald-m-reid/",,"http://history.unc.edu/files/2012/03/photo_small-315.jpeg",,"History"
"iahperson_00000169","Jerma Jackson","A","faculty fellow",2007,"Spring 2007","http://history.unc.edu/people/faculty/jerma-a-jackson/",,"http://history.unc.edu/files/2012/03/Jerma1.jpg",,"History"
"iahperson_00000192","John Sweet","A","faculty fellow",2007,"Spring 2007","http://history.unc.edu/people/faculty/john-sweet/",,"http://history.unc.edu/files/2012/03/photo_small3.png",,"History"
"iahperson_00000213","Karolyn Tyson","A","faculty fellow",2007,"Fall 2006","http://sociology.unc.edu/people-page/karolyn-tyson/",,"http://sociology.unc.edu/files/2013/12/tyson.jpeg",,"Sociology"
"iahperson_00000197","Joseph Jordan","A","faculty fellow",2007,"Fall 2006","http://vm8.cas.unc.edu/instructional_technology/web.unc.edu/stone-center/HTML/about/staff/jordan.html",,"open-iconic/png/person-8x.png",,
"iahperson_00000069","Dale Hutchinson","A","faculty fellow",2008,"Spring 2008","http://anthropology.unc.edu/person/dale-l-hutchinson/",,"http://anthropology.unc.edu/files/2013/11/Hutchinson-150x150.jpg",,"Anthropology"
"iahperson_00000201","Joyce Rudinsky","A","faculty fellow",2008,"Fall 2007","http://comm.unc.edu/faculty-and-staff/faculty/joyce-rudinsky/",,"http://comm.unc.edu/files/2011/11/rudinsky.jpeg",,"Communication"
"iahperson_00000263","Marianne Gingher","A","faculty fellow",2008,"Spring 2008","http://englishcomplit.unc.edu/people/gingherm",,"http://englishcomplit.unc.edu/sites/default/files/gingherm.jpg",,"English & Comparative Literature"
"iahperson_00000293","Michael McFee","A","faculty fellow",2008,"Spring 2008","http://englishcomplit.unc.edu/people/mcfeem",,"http://englishcomplit.unc.edu/sites/default/files/McFee.jpg",,"English & Comparative Literature"
"iahperson_00000430","William Ferris","A","faculty fellow",2008,"Fall 2007","http://history.unc.edu/people/faculty/william-ferris/",,"https://history.unc.edu/files/2012/03/photo_small-4.jpeg",,"History"
"iahperson_00000364","Scott Kirsch","A","faculty fellow",2008,"Fall 2007","http://kirschgeographies.web.unc.edu/",,"http://kirschgeographies.web.unc.edu/files/2013/11/Capture1-e1432672557988.png",,"Geography"
"iahperson_00000339","Richard Langston","A","faculty fellow",2008,"Fall 2007/Spring 2008","http://langston.web.unc.edu/",,"http://langston.web.unc.edu/files/2014/08/langston.jpeg",,"Germanic & Slavic Langs. & Lits."
"iahperson_00000180","Jocelyn Neal","A","faculty fellow",2008,"Spring 2008","http://music.unc.edu/people/musicfaculty/jocelyn-neal/",,"http://music.unc.edu/files/2014/09/Neal-Web.jpg",,"Music"
"iahperson_00000226","Krista Perreira","A","faculty fellow",2008,"Spring 2008","http://perreira.web.unc.edu/",,"http://perreira.web.unc.edu/files/2013/10/image002_final.jpg",,"Social Medicine"
"iahperson_00000233","Lauren Leve","A","faculty fellow",2008,"Fall 2007","http://religion.unc.edu/_people/full-time-faculty/leve/",,"http://religion.sites.unc.edu/files/2013/12/leve.jpg",,"Religious Studies"
"iahperson_00000210","Karen Booth","A","faculty fellow",2008,"Spring 2008","http://womensstudies.unc.edu/people/faculty/karen-m-booth/",,"open-iconic/png/person-8x.png",,"Women's & Gender Studies"
"iahperson_00000011","Allen Glazner","A","faculty fellow",2008,"Fall 2007","http://www.geosci.unc.edu/page/allen-f-glazner",,"http://www.geosci.unc.edu/files/Glazner_SHF.jpg",,"Geological Sciences"
"iahperson_00000322","Perry Hall","A","faculty fellow",2008,"Spring 2008","https://afriafam.unc.edu/people/perry-hall",,"https://afriafam.unc.edu/people/IMG_3731_edited.jpg/image_preview",,"African, African American, and Diaspora Studies"
"iahperson_00000408","Tim Marr","A","faculty fellow",2009,"Spring 2009","http://americanstudies.unc.edu/timothy-marr/",,"http://americanstudies.unc.edu/files/2012/09/marr.jpeg",,"American Studies"
"iahperson_00000044","Carole Blair","A","faculty fellow",2009,"Spring 2009","http://comm.unc.edu/faculty-and-staff/faculty/carole-blair/",,"http://comm.unc.edu/files/2011/11/2.jpeg",,"Communication"
"iahperson_00000132","Gregory Flaxman","A","faculty fellow",2009,"Fall 2008/Spring 2009","http://flaxman.web.unc.edu/",,"http://flaxman.web.unc.edu/files/2014/02/flaxman1.jpeg",,"English & Comparative Literature"
"iahperson_00000037","Brett Whalen","A","faculty fellow",2009,"Fall 2008","http://history.unc.edu/people/faculty/brett/",,"http://history.unc.edu/files/2012/06/Brett-Whalen-June-2012-small-cropped.jpg",,"History"
"iahperson_00000211","Karen Hagemann","A","faculty fellow",2009,"Fall 2008","http://history.unc.edu/people/faculty/karen-hagemann/",,"http://history.unc.edu/files/2012/06/Hagemann.jpg",,"History"
"iahperson_00000251","Louise McReynolds","A","faculty fellow",2009,"Spring 2009","http://history.unc.edu/people/faculty/louise-mcreynolds/",,"http://history.unc.edu/files/2012/03/photo_small-53.jpeg",,"History"
"iahperson_00000423","Wayne Lee","A","faculty fellow",2009,"Fall 2008","http://history.unc.edu/people/faculty/wayne-lee/",,"http://history.unc.edu/files/2012/06/Lecture-shota-600x864.jpg",,"History"
"iahperson_00000239","Layna Mosley","A","faculty fellow",2009,"Fall 2008","http://laynamosley.web.unc.edu/",,"open-iconic/png/person-8x.png",,"Political Science"
"iahperson_00000159","Jay Garcia","A","faculty fellow",2009,"Fall 2008","https://www.med.unc.edu/infdis/about/faculty/j-victor-garcia-martinez-md",,"https://www.med.unc.edu/infdis/images/j-victor-garcia/@@images/686c17c4-901f-4e75-b699-85cef79520bc.jpeg",,"Allied Health Sceinces"
"iahperson_00000025","Barbara Ambros","A","faculty fellow","2009; 2017","Fall 2008; Fall 2016","http://religion.unc.edu/_people/full-time-faculty/ambros/",711819649,"http://religion.sites.unc.edu/files/2014/08/Ambros.jpg","http://religion.unc.edu/","Religious Studies"
"iahperson_00000361","Sarah Dempsey","A","faculty fellow",2010,"Fall 2009","http://comm.unc.edu/faculty-and-staff/faculty/sarah-dempsey/",,"http://comm.unc.edu/files/2011/10/dempsey.jpeg",,"Communication"
"iahperson_00000284","Michael Chitwood","A","faculty fellow",2010,"Spring 2010","http://englishcomplit.unc.edu/people/chitwoodm",,"http://englishcomplit.unc.edu/sites/default/files/chitwood.jpg",,"English & Comparative Literature"
"iahperson_00000005","Alan Shapiro","A","faculty fellow",2010,"Fall 2009","http://englishcomplit.unc.edu/people/shapiroa",,"http://englishcomplit.unc.edu/sites/default/files/shapiroa.jpg",,"English & Comparative Literature"
"iahperson_00000161","Jay Smith","A","faculty fellow",2010,"Fall 2009","http://history.unc.edu/people/faculty/jay-smith/",,"http://history.unc.edu/files/2012/06/Jay-Smith-111-300x231.jpg",,"History"
"iahperson_00000248","Lloyd Kramer","A","faculty fellow",2010,"Spring 2010","http://history.unc.edu/people/faculty/lloyd-s-kramer/",,"http://history.unc.edu/files/2012/03/photo_small-91.jpeg",,"History"
"iahperson_00000054","Charles D.C. Reeve","A","faculty fellow",2010,"Spring 2010","http://philosophy.unc.edu/people/c-d-c-reeve/",,"http://philosophy.unc.edu/files/2013/10/CDC-reeve.jpeg",,"Philosophy"
"iahperson_00000221","Kenneth Andrews","A","faculty fellow",2010,"Spring 2010","http://sociology.unc.edu/people-page/kenneth-andrews/",,"http://sociology.unc.edu/files/2013/11/Andrews-e1424480078693-150x150.jpg",,"Sociology"
"iahperson_00000287","Michael Gerhardt","A","faculty fellow",2010,"Spring 2010","http://www.law.unc.edu/faculty/directory/gerhardtmichaelj/",,"http://static.law.unc.edu/images/image.ashx?personnelid=26&typeid=9",,"Law School"
"iahperson_00000062","Christopher Lee","A","faculty fellow",2010,"Spring 2010","https://sils.unc.edu/people/faculty/cal-lee",,"http://sils.unc.edu/sites/default/files/news/CalLee-books_0.jpg",,"School of Information and Library Science"
"iahperson_00000129","Glenn Hinson","A","faculty fellow",2011,"Fall 2010","http://americanstudies.unc.edu/glenn-hinson/",,"http://americanstudies.unc.edu/files/2012/09/hinson.jpeg",,"American Studies"
"iahperson_00000316","Patricia McAnany","A","faculty fellow",2011,"Spring 2011","http://anthropology.unc.edu/person/patricia-a-mcanany/",,"http://anthropology.unc.edu/files/2013/11/mcanany-150x150.jpg",,"Anthropology"
"iahperson_00000183","John Bowles","A","faculty fellow",2011,"Fall 2010","http://art.unc.edu/art-history/faculty/john-bowles/",,"http://art.unc.edu/files/2012/03/john-bowles1-150x150.jpg",,"Art"
"iahperson_00000437","Yaron Shemer","A","faculty fellow",2011,"Spring 2011","http://asianstudies.unc.edu/faculty/dr-yaron-shemer/",,"http://asianstudies.unc.edu/files/2014/12/people.shemer.photo_.jpg",,"Asian Studies"
"iahperson_00000140","Inger Brodey","A","faculty fellow",2011,"Spring 2011","http://englishcomplit.unc.edu/people/brodeyi",,"http://englishcomplit.unc.edu/sites/default/files/ingerbrodey_0.jpg",,"English & Comparative Literature"
"iahperson_00000149","James P. Thompson","A","faculty fellow",2011,"Fall 2010","http://englishcomplit.unc.edu/people/thompsonj",,"http://englishcomplit.unc.edu/sites/default/files/thompsonj2.jpg",,"English & Comparative Literature"
"iahperson_00000294","Michael Tsin","A","faculty fellow",2011,"Fall 2010","http://history.unc.edu/people/faculty/michael-tsin/",,"http://history.unc.edu/files/2012/03/MT-e1455903859379-228x300.jpg",,"History"
"iahperson_00000258","Marc Lange","A","faculty fellow",2011,"Spring 2011","http://philosophy.unc.edu/people/marc-lange/",,"http://philosophy.unc.edu/files/2013/10/marce-lange.jpeg",,"Philosophy"
"iahperson_00000131","Graeme Robertson","A","faculty fellow",2011,"Fall 2010","http://politicalscience.unc.edu/staff/graeme-robertson/",,"http://politicalscience.unc.edu/files/2015/05/robertson.jpg",,"Political Science"
"iahperson_00000292","Michael Lienesch","A","faculty fellow",2011,"Fall 2010","http://politicalscience.unc.edu/staff/michael-lienesch/",,"http://politicalscience.unc.edu/files/2015/05/lienesch1.jpg",,"Political Science"
"iahperson_00000181","Jodi Magness","A","faculty fellow",2011,"Fall 2010","http://religion.unc.edu/_people/full-time-faculty/magness/",,"http://religion.sites.unc.edu/files/2014/08/magness.jpg",,"Religious Studies"
"iahperson_00000038","Brian Hogan","A","faculty fellow",2011,"Spring 2011","http://www.chem.unc.edu/people/faculty/hogan/",,"http://imageserve.chem.unc.edu/assets/img/people/faculty/hogan_brian.jpg",,"Chemistry"
"iahperson_00000260","Margaret Lee","A","faculty fellow",2012,"Fall 2011","http://aaad.unc.edu/faculty-staff/margaret-c-lee/",,"http://aaad.unc.edu/files/2014/02/image_preview-8.jpeg",,"Department of African, African American, and Diaspora Studies"
"iahperson_00000315","Pamela Lothspeich","A","faculty fellow",2012,"Spring 2012","http://asianstudies.unc.edu/faculty/dr-pamela-lothspeich/",,"http://asianstudies.unc.edu/files/2014/12/people.lothspeich.photo_.png",,"Asian Studies"
"iahperson_00000219","Kelly Hogan","A","faculty fellow",2012,"Spring 2012","http://bio.unc.edu/people/faculty/hogan/",,"http://bio.unc.edu/files/2012/06/hogan-kelly-200X250.jpg",,"Biology"
"iahperson_00000148","James O'Hara","A","faculty fellow",2012,"Spring 2012","http://classics.unc.edu/people/faculty-2/james-j-ohara/",,"https://classics.unc.edu/files/2013/08/OHara2013mug.jpg",,"Classics"
"iahperson_00000198","Joseph Megel","A","faculty fellow",2012,"Fall 2011","http://comm.unc.edu/faculty-and-staff/faculty/joseph-megel/",,"http://comm.unc.edu/files/2011/11/image_preview-3-200x300.jpg",,"Communication"
"iahperson_00000108","Eric Downing","A","faculty fellow",2012,"Spring 2012","http://englishcomplit.unc.edu/people/eric-s-downing",,"open-iconic/png/person-8x.png",,"English & Comparative Literature"
"iahperson_00000283","Melissa Bullard","A","faculty fellow",2012,"Fall 2011","http://history.unc.edu/people/faculty/melissa-m-bullard/",,"http://history.unc.edu/files/2012/03/photo_small2.png",,"History"
"iahperson_00000269","Mark Katz","A","faculty fellow",2012,"Spring 2012","http://music.unc.edu/people/musicfaculty/mark-katz/",,"http://music.unc.edu/files/2014/09/Katz-Web.jpg",,"Music"
"iahperson_00000359","Sara Smith","A","faculty fellow",2012,"Fall 2011","http://sarasmith.web.unc.edu/",,"open-iconic/png/person-8x.png",,"Geography"
"iahperson_00000297","Michele Berger","A","faculty fellow",2012,"Spring 2012","http://womensstudies.unc.edu/people/faculty/michele-tracy-berger/",,"http://womensstudies.unc.edu/files/2015/08/michele-213x300.png",,"Women's & Gender Studies"
"iahperson_00000003","Afroz Taj","A","faculty fellow",2012,"Fall 2011","http://www.unc.edu/~taj/afroz.htm",,"http://www.unc.edu/~taj/Afroz.jpg",,"Asian Studies"
"iahperson_00000308","Nichola Lowe","A","faculty fellow",2012,"Spring 2012","https://planning.unc.edu/people/faculty/nicholalowe",,"https://planning.unc.edu/people/faculty/nicholalowe/photo_small",,"City and Regional Planning"
"iahperson_00000138","Hong-An Truong","A","faculty fellow",2013,"Spring 2013","http://art.unc.edu/studio-art/faculty/hong-an-truong/",,"open-iconic/png/person-8x.png",,"Art"
"iahperson_00000319","Patrick Curran","A","faculty fellow",2013,"Spring 2013","http://curran.web.unc.edu/",,"http://curran.web.unc.edu/files/2014/04/pjc-246x300.png",,"Psychology"
"iahperson_00000427","William (Bill) Andrews","A","faculty fellow",2013,"Fall 2012","http://englishcomplit.unc.edu/people/andrewsw",,"http://englishcomplit.unc.edu/sites/default/files/andrewsw.jpg",,"English & Comparative Literature"
"iahperson_00000114","Florence Dore","A","faculty fellow",2013,"Spring 2013","http://englishcomplit.unc.edu/people/florence-dore",,"http://englishcomplit.unc.edu/sites/default/files/doref.jpg",,"English & Comparative Literature"
"iahperson_00000133","Hassan Melehy","A","faculty fellow",2013,"Fall 2012","http://englishcomplit.unc.edu/people/hassan-melehy",,"http://englishcomplit.unc.edu/sites/default/files/hassan8.jpg",,"English & Comparative Literature"
"iahperson_00000167","Jennifer Ho","A","faculty fellow",2013,"Fall 2012","http://englishcomplit.unc.edu/people/hoj",,"http://englishcomplit.unc.edu/sites/default/files/jennifer-ho.jpg",,"English & Comparative Literature"
"iahperson_00000196","Jordynn Jack","A","faculty fellow",2013,"Fall 2012","http://englishcomplit.unc.edu/people/jackj",,"http://englishcomplit.unc.edu/sites/default/files/jack_jordynn_14_030.JPG",,"English & Comparative Literature"
"iahperson_00000122","Genna Rae McNeil","A","faculty fellow",2013,"Fall 2012","http://history.unc.edu/people/faculty/genna-r-mcneil/",,"http://history.unc.edu/files/2012/03/McNeil-267x300.jpg",,"History"
"iahperson_00000247","Lisa Lindsay","A","faculty fellow",2013,"Fall 2012","http://history.unc.edu/people/faculty/lisa-a-lindsay-2/",,"http://history.unc.edu/files/2012/03/photo_small-212.jpeg",,"History"
"iahperson_00000042","Carmen Hsu","A","faculty fellow",2013,"Spring 2013","http://mems.unc.edu/faculty/carmen-y-hsu/",,"open-iconic/png/person-8x.png",,"Medieval and Early Modern Studies"
"iahperson_00000010","Allen Anderson","A","faculty fellow",2013,"Spring 2013","http://music.unc.edu/people/musicfaculty/allen-anderson/",,"http://music.unc.edu/files/2014/09/Anderson-A.-Web.jpg",,"Music"
"iahperson_00000145","James E. Ketch","A","faculty fellow",2013,"Fall 2012","http://music.unc.edu/people/musicfaculty/james-ketch/",,"http://music.unc.edu/files/2014/12/Ketch-Web.jpg",,"Music"
"iahperson_00000410","Todd Ramon Ochoa","A","faculty fellow",2013,"Spring 2013","http://religion.unc.edu/_people/full-time-faculty/todd-ochoa/",,"http://religion.sites.unc.edu/files/2014/09/Todd-100-139.jpg",,"Religious Studies"
"iahperson_00000105","Emilio del Valle Escalante","A","faculty fellow",2013,"Spring 2013","http://romancestudies.unc.edu/faculty/emilio-del-valle-escalante/",,"http://romancestudies.unc.edu/files/2015/06/Emilio-wpcf_300x300.jpg",,"Romance Studies"
"iahperson_00000302","Misha Becker","A","faculty fellow",2013,"Fall 2012","http://www.unc.edu/~mbecker/",,"http://www.unc.edu/~mbecker/IAH_headshot_2012b.jpg",,"Linguistics"
"iahperson_00000257","Mai Thi Nguyen","A","faculty fellow",2013,"Fall 2012","https://planning.unc.edu/people/faculty/mainguyen",,"https://planning.unc.edu/people/faculty/mainguyen/photo_small",,"City and Regional Planning"
"iahperson_00000331","Rachel Willis","A","faculty fellow",2014,"Spring 2014","http://americanstudies.unc.edu/rachel-willis/",,"http://americanstudies.unc.edu/files/2012/09/WILLIS.RACHEL.HEADSHOT.jpeg",,"American Studies"
"iahperson_00000179","Jocelyn Chua","A","faculty fellow",2014,"Fall 2013","http://anthropology.unc.edu/person/jocelyn-lim-chua/",,"http://anthropology.unc.edu/files/2013/11/chua-150x150.jpg",,"Anthropology"
"iahperson_00000298","Michele Rivkin-Fish","A","faculty fellow",2014,"Fall 2013","http://anthropology.unc.edu/person/michele-rivkin-fish/",,"http://anthropology.unc.edu/files/2013/11/rivkin-145x150.jpeg",,"Anthropology"
"iahperson_00000227","Kumarini Silva","A","faculty fellow",2014,"Spring 2014","http://comm.unc.edu/faculty-and-staff/faculty/kumi-silva/",,"http://comm.unc.edu/files/2012/01/Silva_profilepic.jpg",,"Communication"
"iahperson_00000336","Renee Alexander Craft","A","faculty fellow",2014,"Fall 2013","http://comm.unc.edu/faculty-and-staff/faculty/renee-alexander-craft/",,"http://comm.unc.edu/files/2012/01/renee_alexander_photo.jpg",,"Communication"
"iahperson_00000266","Mark Crescenzi","A","faculty fellow",2014,"Fall 2013","http://crescenzi.web.unc.edu/",,"open-iconic/png/person-8x.png",,"Political Science"
"iahperson_00000397","Tessa Joseph-Nicholas","A","faculty fellow",2014,"Fall 2013","http://cs.unc.edu/people/tessa-joseph-nicholas/",,"http://cs.unc.edu/files/2013/12/Nicholas-wpcf_120x144.jpeg",,"Computer Science"
"iahperson_00000156","Jane Thrailkill","A","faculty fellow",2014,"Fall 2013","http://englishcomplit.unc.edu/people/thrailkillj",,"http://englishcomplit.unc.edu/sites/default/files/JaneThrailkillC-19.jpg",,"English & Comparative Literature"
"iahperson_00000195","Jonathan Hess","A","faculty fellow",2014,"Spring 2014","http://hess.web.unc.edu/",,"http://hess.web.unc.edu/files/2014/08/hess.jpeg",,"Germanic & Slavic Langs. & Lits."
"iahperson_00000071","Daniel Cobb","A","faculty fellow",2014,"Fall 2013","http://history.unc.edu/people/adjunct-and-visiting-faculty/daniel-cobb/",,"http://history.unc.edu/files/2012/03/photo_small-410.jpeg",,"History"
"iahperson_00000030","Benjamin Waterhouse","A","faculty fellow",2014,"Spring 2014","http://history.unc.edu/people/faculty/benjamin-waterhouse/",,"http://history.unc.edu/files/2012/03/b_waterhouse_headshot-246x300.jpg",,"History"
"iahperson_00000214","Kathleen DuVal","A","faculty fellow",2014,"Fall 2013","http://history.unc.edu/people/faculty/kathleen-a-duval/",,"http://history.unc.edu/files/2012/03/duval_kathleen_02.jpg",,"History"
"iahperson_00000404","Thomas Otten","A","faculty fellow",2014,"Spring 2014","http://music.unc.edu/people/musicfaculty/thomas-otten/",,"http://music.unc.edu/files/2014/09/Otten-Web.jpg",,"Music"
"iahperson_00000369","Sherryl Kleinman","A","faculty fellow",2014,"Spring 2014","http://sociology.unc.edu/people-page/sherryl-kleinman/",,"http://sociology.unc.edu/files/2013/12/kleinman.jpeg",,"Sociology"
"iahperson_00000106","Emily Burrill","A","faculty fellow",2014,"Spring 2014","http://womensstudies.unc.edu/people/faculty/emily-susan-burrill/",,"http://womensstudies.unc.edu/files/2014/12/emily-2.jpg",,"Women's & Gender Studies"
"iahperson_00000018","Anna Agbe-Davies","A","faculty fellow",2015,"Fall 2014","http://agbedavies.web.unc.edu/",,"http://anthropology.unc.edu/files/2013/02/Agbe-Davies-Picture-6.14-150x150.jpg",,"Anthropology"
"iahperson_00000413","Townsend Middleton","A","faculty fellow",2015,"Fall 2014","http://anthropology.unc.edu/person/townsend-middleton/",,"http://anthropology.unc.edu/files/2013/11/TM-2-150x150.jpg",,"Anthropology"
"iahperson_00000047","Cary Levine","A","faculty fellow",2015,"Spring 2015","http://art.unc.edu/art-history/faculty/cary-levine/",,"http://art.unc.edu/files/2013/10/cary_levine-293x300.jpg",,"Art"
"iahperson_00000157","Janice Bardsley","A","faculty fellow",2015,"Spring 2015","http://asianstudies.unc.edu/faculty/dr-jan-bardsley/",,"http://asianstudies.unc.edu/files/2015/11/people.bardsley.photo_.png",,"Asian Studies"
"iahperson_00000107","Enrique Neblett","A","faculty fellow",2015,"Spring 2015","http://eneblett.web.unc.edu/",,"http://eneblett.web.unc.edu/files/2013/11/Enrique20131-e1384468223371.jpg",,"Psychology and Neuroscience"
"iahperson_00000135","Heidi Kim","A","faculty fellow",2015,"Spring 2015","http://englishcomplit.unc.edu/people/kimh",,"http://englishcomplit.unc.edu/sites/default/files/kim_heidi_14_%20011_m.jpg",,"English & Comparative Literature"
"iahperson_00000051","Cemil Aydin","A","faculty fellow",2015,"Fall 2014","http://history.unc.edu/people/faculty/cemil-ayden/",,"http://history.unc.edu/files/2012/03/CemilAydinHNN-150x150.jpg",,"History"
"iahperson_00000299","Miguel La Serna","A","faculty fellow",2015,"Spring 2015","http://history.unc.edu/people/faculty/miguel-la-serna/",,"http://history.unc.edu/files/2012/03/photo_small-101.jpeg",,"History"
"iahperson_00000014","Alvaro Reyes","A","faculty fellow",2015,"Spring 2015","http://isa.unc.edu/people/faculty/alvaro-reyes/",,"http://reyes.web.unc.edu/files/2015/02/reyes.jpg",,"Institute for the Study of the Americas"
"iahperson_00000020","Anne MacNeil","A","faculty fellow",2015,"Fall 2014","http://music.unc.edu/people/musicfaculty/anne-macneil/",,"http://music.unc.edu/files/2014/09/MacNeil-Web.jpg",,"Music"
"iahperson_00000057","Cherie Ndaliko","A","faculty fellow",2015,"Fall 2014","http://music.unc.edu/people/musicfaculty/cherie-rivers-ndaliko/",,"http://music.unc.edu/files/2014/12/Ndaliko-Web.jpg",,"Music"
"iahperson_00000378","Stephen Anderson","A","faculty fellow",2015,"Fall 2014","http://music.unc.edu/people/musicfaculty/stephenanderson/",,"http://music.unc.edu/files/2014/12/Anderson-S.-Web.jpg",,"Music"
"iahperson_00000407","Tim Carter","A","faculty fellow",2015,"Spring 2015","http://music.unc.edu/people/musicfaculty/tim-carter/",,"http://music.unc.edu/files/2014/12/carter_webphoto.jpg",,"Music"
"iahperson_00000403","Thomas Hofweber","A","faculty fellow",2015,"Spring 2015","http://philosophy.unc.edu/people/thomas-hofweber/",,"http://philosophy.unc.edu/files/2013/10/Thomas-Hofweber.jpeg",,"Philosophy"
"iahperson_00000252","Lucia Binotti","A","faculty fellow",2015,"Fall 2014","http://romancestudies.unc.edu/faculty/lucia-binotti/",,"http://romancestudies.unc.edu/files/2015/06/Binotti-Lucia-wpcf_300x300.jpg",,"Romance Studies"
"iahperson_00000168","Jennifer Smith","A","faculty fellow",2015,"Fall 2014","http://sph.unc.edu/adv_profile/jennifer-s-smith-phd/",,"http://sph.unc.edu/files/2015/07/Smith-Jennifer-LCCC-738x714.jpg",,"Epidemiology"
"iahperson_00000098","Dorothy Verkerk","A","faculty fellow",2016,"Spring 2016","http://art.unc.edu/art-history/art-history-faculty/dorothy-hoogland-verkerk/",,,,"Art"
"iahperson_00000330","Pika Ghosh","A","faculty fellow",2016,"Fall 2015","http://art.unc.edu/art-history/art-history-faculty/pika-ghosh/",,,,"Art"
"iahperson_00000355","Sabine Gruffat","A","faculty fellow",2016,"Spring 2016","http://art.unc.edu/studio-art/faculty/sabine-gruffat/",,"open-iconic/png/person-8x.png",,"Art"
"iahperson_00000306","Nadia Yaqub","A","faculty fellow",2016,"Spring 2016","http://asianstudies.unc.edu/faculty/dr-nadia-yaqub/",,"http://asianstudies.unc.edu/files/2014/12/people.yaqub_.photo_.png",,"Asian Studies"
"iahperson_00000377","Stephanie Elizondo Griest","A","faculty fellow",2016,"Fall 2015","http://englishcomplit.unc.edu/people/griests",,"http://englishcomplit.unc.edu/sites/default/files/SEGAuthorPhoto.jpg",,"English & Comparative Literature"
"iahperson_00000101","Eliza Richards","A","faculty fellow",2016,"Fall 2015","http://englishcomplit.unc.edu/people/richardse",,"http://englishcomplit.unc.edu/sites/default/files/richards_eliza_13_008_m.JPG",,"English & Comparative Literature"
"iahperson_00000342","Rick Warner","A","faculty fellow",2016,"Fall 2015","http://englishcomplit.unc.edu/people/warnerr",,"http://englishcomplit.unc.edu/sites/default/files/facultyprofilebsmall.jpg",,"English & Comparative Literature"
"iahperson_00000231","Laura Miller","A","faculty fellow",2016,"Fall 2015","http://miller.web.unc.edu/",,"http://miller.web.unc.edu/files/2012/09/lauramiller.jpg",,"Biology"
"iahperson_00000015","Andrew Perrin","A","faculty fellow",2016,"Spring 2016","http://perrin.socsci.unc.edu/",,"http://perrin.socsci.unc.edu/perrin_andrew.jpg",,"Sociology"
"iahperson_00000265","Mariska Leunissen","A","faculty fellow",2016,"Spring 2016","http://philosophy.unc.edu/people/mariska-leunissen/",,"http://philosophy.unc.edu/files/2013/10/mariska-leunissen.jpeg",,"Philosophy"
"iahperson_00000207","Juliane Hammer","A","faculty fellow",2016,"Spring 2016","http://religion.unc.edu/_people/full-time-faculty/hammer/",,"http://religion.sites.unc.edu/files/2014/08/hammer.jpg",,"Religious Studies"
"iahperson_00000173","Jessica Tanner","A","faculty fellow",2016,"Spring 2016","http://romancestudies.unc.edu/faculty/jessica-tanner/",,"http://romancestudies.unc.edu/files/2015/06/Tanner-Jessica-wpcf_300x300.jpg",,"Romance Studies"
"iahperson_00000310","Oswaldo Estrada","A","faculty fellow",2016,"Spring 2016","http://romancestudies.unc.edu/faculty/oswaldo-estrada/",,"http://romancestudies.unc.edu/files/2015/06/Estrada-Oswaldo1-wpcf_300x300.jpg",,"Romance Studies"
"iahperson_00000374","Stanislav Shvabrin","A","faculty fellow",2016,"Fall 2015","http://shvabrin.web.unc.edu/",,"open-iconic/png/person-8x.png",,"Germanic & Slavic Langs. & Lits."
"iahperson_00000119","Gabriela Valdivia","A","faculty fellow",2016,"Fall 2015","http://valdivia.web.unc.edu/",,"http://valdivia.web.unc.edu/files/2013/09/valdivia.jpg",,"Geography"
"iahperson_00000387","Susan Harbage Page","A","faculty fellow",2016,"Fall 2015","http://womensstudies.unc.edu/people/faculty/susan-harbage-page/",,"http://womensstudies.unc.edu/files/2015/08/Susan-Harbage-Page_Faculty-Page-2-300x225.jpg",,"Women's & Gender Studies"
"iahperson_00000271","Mark Schoenfisch","A","faculty fellow",2016,"Fall 2015","http://www.chem.unc.edu/people/faculty/schoenfisch/",,"http://imageserve.chem.unc.edu/assets/img/people/faculty/schoenfisch_mark.jpg",,"Chemistry"
"iahperson_00000334","Rebecca Walker","A","faculty fellow",2016,"Fall 2015","https://www.med.unc.edu/socialmed/people/rebecca-walker",,"https://www.med.unc.edu/socialmed/people/rebecca-walker/walker.jpg",,"Allied Health Sceinces"
"iahperson_00000104","Elliott Moreton","A","faculty fellow",2016,"Spring 2016","https://www.unc.edu/~moreton/",,"open-iconic/png/person-8x.png",,"Linguistics"
"iahperson_00000074","Dave Pier","A","faculty fellow",2017,"Spring 2017","http://aaad.unc.edu/faculty-staff/david-pier/",720151854,"http://aaad.unc.edu/files/2014/02/image_preview-12.jpeg",,"Department of African, African American, and Diaspora Studies"
"iahperson_00000103","Elizabeth Engelhardt","A","faculty fellow",2017,"Fall 2016","http://americanstudies.unc.edu/elizabeth-engelhardt/",720534504,"http://americanstudies.unc.edu/files/2015/01/engelhardt-elizabeth-2009-1024x882.jpg",,"American Studies"
"iahperson_00000072","Daniel Sherman","A","faculty fellow",2017,"Spring 2017","http://art.unc.edu/art-history/faculty/daniel-sherman/",714643746,"http://art.unc.edu/files/2013/05/ccm3_027738.jpg",,"Art"
"iahperson_00000244","Lien Truong","A","faculty fellow",2017,"Spring 2017","http://art.unc.edu/studio-art/faculty/lien-truong/",720532099,"open-iconic/png/person-8x.png","http://art.unc.edu/","Art"
"iahperson_00000176","Jina Valentine","A","faculty fellow",2017,"Fall 2016","http://art.unc.edu/studio-art/studio-art-faculty/jina-valentine/",720309091,"http://art.unc.edu/files/2016/11/jinavalentine_headshot-225x300.jpg",,"Art"
"iahperson_00000304","Morgan Pitelka","A","faculty fellow",2017,"Spring 2017","http://carolinaasiacenter.unc.edu/people/staff/morgan-pitelka/",720143309,"http://carolinaasiacenter.unc.edu/files/2015/01/Pitelka_Morgan_web-325x250-300x230.jpg","http://asianstudies.unc.edu/","Asian Studies"
"iahperson_00000059","Christian Lentz","A","faculty fellow",2017,"Fall 2016","http://cclentz.web.unc.edu/",720310973,"http://global.unc.edu/files/2015/10/SmallerChristian-Lentz-2-325x250.jpg","http://geography.unc.edu/","Geography"
"iahperson_00000166","Jennifer Gates-Foster","A","faculty fellow",2017,"Fall 2016","http://classics.unc.edu/people/faculty-2/jennifer-gates-foster/",720446921,"http://classics.unc.edu/files/2013/08/jennifer-gates-foster.jpg",,"Classics"
"iahperson_00000075","David Baker","A","faculty fellow",2017,"Fall 2016","http://englishcomplit.unc.edu/people/bakerd",714666440,"http://englishcomplit.unc.edu/sites/default/files/bakerd.jpg","http://englishcomplit.unc.edu/","English & Comparative Literature"
"iahperson_00000350","Robin Visser","A","faculty fellow",2017,"Fall 2016","http://englishcomplit.unc.edu/people/robin-visser",710878584,"http://englishcomplit.unc.edu/sites/default/files/visser.jpg","http://asianstudies.unc.edu/","English & Comparative Literature"
"iahperson_00000303","Molly Worthen","A","faculty fellow",2017,"Spring 2017","http://history.unc.edu/people/faculty/molly-worthen/",720382462,"https://history.unc.edu/files/2012/06/MWheadshot8-200x300.jpg",,"History"
"iahperson_00000164","Jeannie Loeb","A","faculty fellow",2017,"Fall 2016","http://jloeb.web.unc.edu/",703517799,"http://jloeb.web.unc.edu/files/2015/09/dept-pic-21.jpg",,"Psychology & Neuroscience"
"iahperson_00000191","John Roberts","A","faculty fellow",2017,"Fall 2016","http://philosophy.unc.edu/people/john-t-roberts/",706185995,"http://philosophy.unc.edu/files/2013/10/roberts.jpeg",,"Philosophy"
"iahperson_00000096","Dorothea Heitsch","A","faculty fellow",2017,"Fall 2016","http://romancestudies.unc.edu/faculty/dorothea-heitsch/",713337679,,,"Romance Studies"
"iahperson_00000357","Samuel Amago","A","faculty fellow",2017,"Spring 2017","http://romancestudies.unc.edu/faculty/sam-amago/",720056223,,"http://romancestudies.unc.edu/","Romance Studies"
"iahperson_00000118","Gabriel Trop","A","faculty fellow",2017,"Spring 2017","http://trop.web.unc.edu/",720151792,"http://trop.web.unc.edu/files/2016/02/Gabriel-Trop.jpg",,"Germanic & Slavic Langs. & Lits."
"iahperson_00000082","Deborah Gerhardt","A","faculty fellow",2017,"Spring 2017","http://www.law.unc.edu/faculty/directory/gerhardtdeborahr/",711839427,"http://static.law.unc.edu/images/image.ashx?personnelid=25&typeid=9",,"Law School"
"iahperson_00000280","Meenu Tewari","A","faculty fellow",2017,"Spring 2017","https://planning.unc.edu/people/faculty/meenutewari",707812506,"https://planning.unc.edu/people/faculty/meenutewari/photo_small",,"City and Regional Planning"
"iahperson_00000040","Cara McComish","A","faculty fellow",2017,"Spring 2017","https://www.med.unc.edu/ahs/sphs/faculty/cara-mccomish",710273541,"https://www.med.unc.edu/ahs/sphs/faculty/faculty-images/mccomish_cara.JPG/@@images/999943dd-dff5-4d70-b901-f4ba0246be63.jpeg",,"Allied Health Sceinces"
"iahperson_00000442","Carol Magee","A","faculty fellow","2019/2020","2019/2020","http://art.unc.edu/art-history/art-history-faculty/carol-magee/",,,"http://art.unc.edu/","Art"
"iahperson_00000444","Corey Johnson","A","faculty fellow","Fall 2017","Fall 2017","http://bio.unc.edu/people/faculty/johnson/",,"http://bio.unc.edu/files/2011/06/johnson-corey-200X250.jpg","http://bio.unc.edu/","Biology"
"iahperson_00000451","Matthew Taylor","A","faculty fellow","Fall 2017","Fall 2017","http://englishcomplit.unc.edu/people/taylorm",,"http://englishcomplit.unc.edu/sites/default/files/mtaylor-photo2.jpg","http://englishcomplit.unc.edu/","English & Comparative Literature"
"iahperson_00000440","Pervin Banu Gokariksel","A","faculty fellow","Fall 2017","Fall 2017","http://gokariksel.web.unc.edu/",,"http://geography.unc.edu/files/2014/06/banu.jpg","http://geography.unc.edu/","Geography"
"iahperson_00000443","Claude Clegg","A","faculty fellow","Fall 2017","Fall 2017","http://history.unc.edu/people/faculty/claude-clegg/",,"http://history.unc.edu/files/2012/06/ClaudeClegg.jpg","http://history.unc.edu/","History"
"iahperson_00000445","Elizabeth Olson","A","faculty fellow","Fall 2017","Fall 2017","http://pensamientos.web.unc.edu/",,,"http://geography.unc.edu/","Geography"
"iahperson_00000450","Marisa Escolar","A","faculty fellow","Fall 2017","Fall 2017","http://romancestudies.unc.edu/faculty/marisa-escolar/escolar-marisa/",,"http://romancestudies.unc.edu/files/2015/06/Escolar-Marisa-768x768.jpg","http://romancestudies.unc.edu/","Romance Studies"
"iahperson_00000448","Julia Haslett","A","faculty fellow","Spring 2018","Spring 2018","http://comm.unc.edu/faculty-and-staff/faculty/julia-haslett/",,"http://comm.unc.edu/files/2014/08/Julia_Haslett.jpeg","http://comm.unc.edu/","Communication"
"iahperson_00000446","Federico Luisetti","A","faculty fellow","Spring 2018","Spring 2018","http://englishcomplit.unc.edu/people/federico-luisetti",,,"http://englishcomplit.unc.edu/","English & Comparative Literature"
"iahperson_00000447","GerShun Avilez","A","faculty fellow","Spring 2018","Spring 2018","http://englishcomplit.unc.edu/people/gershun-avilez",,"http://englishcomplit.unc.edu/sites/default/files/Avilez%20Final%20Head%20Shot.jpg","http://englishcomplit.unc.edu/","English & Comparative Literature"
"iahperson_00000449","Laura Halperin","A","faculty fellow","Spring 2018","Spring 2018","http://englishcomplit.unc.edu/people/halperinl",,"http://englishcomplit.unc.edu/sites/default/files/Halperin.jpg","http://englishcomplit.unc.edu/","English & Comparative Literature"
"iahperson_00000441","Carla Merino-Rajme","A","faculty fellow","Spring 2018","Spring 2018","http://philosophy.unc.edu/people/carla-merino-rajme/",,"http://philosophy.unc.edu/files/2015/04/Merino-Rajme-Carla-Resized.jpg","http://philosophy.unc.edu/","Philosophy"
"iahperson_00000439","Ariana Vigil","A","faculty fellow","Spring 2018","Spring 2018","http://womensstudies.unc.edu/people/faculty/ariana-elizabeth-vigil/",,"http://womensstudies.unc.edu/files/2015/08/ariana.png","http://womensstudies.unc.edu/","Women's & Gender Studies"
"iahperson_00000452","Paul Friga","A","faculty fellow","Spring 2018","Spring 2018","http://www.kenan-flagler.unc.edu/faculty/directory/strategy-and-entrepreneurship/paul-friga",,"http://www.kenan-flagler.unc.edu/~/media/Images/faculty/strategy-and-entrepreneurship/paul_friga_hires08.jpg?mw=150&as=0","http://www.kenan-flagler.unc.edu/","UNC Kenan-Flagler Business School"
"iahperson_00000453","T. William Lester","A","faculty fellow","Spring 2018","Spring 2018","https://planning.unc.edu/people/faculty/williamlester",,"https://planning.unc.edu/people/faculty/williamlester/photo_small","https://planning.unc.edu/","City and Regional Planning"
